"name","party","screen_name","class"
"acquaroli francesco","fdi","AcquaroliF","D"
"acunzo nicola","m5s","nicola_acunzo","D"
"adelizzi cosimo","m5s","cosimo_adelizzi","D"
"aiello davide","m5s","DavideAiello85","D"
"aiello piera","m5s","aiello_piera","D"
"alaimo roberta","m5s",NA,"D"
"alemanno maria soave","m5s",NA,"D"
"amitrano alessandro","m5s","AleAmitrano","D"
"andreuzza giorgia","lega","GiorgiAndreuzza","D"
"angelucci antonio","fi","DocAngelucci","D"
"angiola nunzio","m-02","NunzioAngiola","D"
"annibali lucia","iv","LAnnibali","D"
"anzaldi michele","iv","Michele_Anzaldi","D"
"aprea valentina","fi","ApreaValentina","D"
"aprile nadia","m-02",NA,"D"
"aresta giovanni luca","m5s","glaresta","D"
"ascani anna","pd","AnnaAscani","D"
"ascari stefania","m5s","stefania_ascari","D"
"azzolina lucia","m5s","AzzolinaLucia","D"
"badole mirco","lega","mirco_badole","D"
"bagnasco roberto","fi","RobBagnasco","D"
"baldelli simone","fi","simonebaldelli","D"
"baldini maria teresa","fdi","mtbaldini","D"
"baldino vittoria","m5s","BaldinoVittoria","D"
"baratto raffaele","fi",NA,"D"
"barbuto elisabetta maria","m5s",NA,"D"
"barelli paolo","fi",NA,"D"
"baroni anna lisa","fi","annalisabaroni","D"
"baroni massimo enrico","m5s",NA,"D"
"bartolozzi giusi","fi","giusibartolozzi","D"
"barzotti valentina","m5s","barzotti_lavoro","D"
"basini giuseppe","lega",NA,"D"
"battelli sergio","m5s","BattelliSergio","D"
"battilocchio alessandro","fi","AleBattilocchio","D"
"bazoli alfredo","pd","alfredobazoli","D"
"bazzaro alex","lega","AlexBazzaro","D"
"bella marco","m5s","DonMarcoMori","D"
"bellachioma giuseppe ercole","lega",NA,"D"
"bellucci maria teresa","fdi","MaresaBellucci","D"
"belotti daniele","lega","DanieleBelotti1","D"
"benamati gianluca","pd","GBenamati","D"
"bendinelli davide","iv","d_bendinelli","D"
"benedetti silvia","m-02","SilviaPortavoce","D"
"benigni stefano","m-03","stefanobenigni","D"
"benvenuto alessandro manuel","lega",NA,"D"
"berardini fabio","m5s","fabioberardini","D"
"bergamini deborah","fi","DeborahBergamin","D"
"berlinghieri marina","pd","M_Berlinghieri","D"
"bersani pier luigi","leu","pbersani","D"
"berti francesco","m5s","FrancescoBerti_","D"
"bianchi matteo luigi","lega","luigi_matteo","D"
"biancofiore michaela","fi","BiancofioreMiky","D"
"bignami galeazzo","fdi","galeazzobignami","D"
"billi simone","lega","simo_billi","D"
"bilotti anna","m5s","bilotti_anna","D"
"binelli diego","lega",NA,"D"
"bisa ingrid","lega","BisaIngrid","D"
"bitonci massimo","lega","massimobitonci","D"
"boccia francesco","pd","F_Boccia","D"
"boldi rossana","lega","BoldiRossana","D"
"boldrini laura","pd","lauraboldrini","D"
"bologna fabiola","m-02",NA,"D"
"bonafede alfonso","m5s","AlfonsoBonafede","D"
"bond dario","fi",NA,"D"
"boniardi fabio massimo","lega",NA,"D"
"bonomo francesca","pd","FraBonomo","D"
"bordo michele","pd","bordomichele","D"
"bordonali simona","lega","SimonaBordonali","D"
"borghese mario alejandro","m-01",NA,"D"
"borghi claudio","lega","borghi_claudio","D"
"borghi enrico","pd","EnricoBorghi1","D"
"boschi maria elena","iv","meb","D"
"braga chiara","pd","bragachiara","D"
"brambilla michela vittoria","fi",NA,"D"
"brescia giuseppe","m5s","g_brescia","D"
"brunetta renato","fi","renatobrunetta","D"
"bruno raffaele","m5s","raffaelebruno","D"
"bruno bossio vincenza","pd",NA,"D"
"bubisutti aurelia","lega","AureliaBubi","D"
"bucalo carmela","fdi",NA,"D"
"buffagni stefano","m5s","SBuffagni","D"
"buompane giuseppe","m5s","BuompaneG","D"
"buratti umberto","pd",NA,"D"
"businarolo francesca","m5s","FrancBusinarolo","D"
"butti alessio","fdi",NA,"D"
"cabras pino","m5s","Pinokabras","D"
"cadeddu luciano","m5s","lucianocadeddu","D"
"caffaratto gualtiero","lega",NA,"D"
"caiata salvatore","fdi","CaiataSalvatore","D"
"calabria annagrazia","fi","CalabriaTw","D"
"campana micaela","pd","micaela_campana","D"
"cancelleri azzurra pia maria","m5s",NA,"D"
"cannatelli pasquale","fi",NA,"D"
"cannizzaro francesco","fi",NA,"D"
"cantalamessa gianluca","lega",NA,"D"
"cantini laura","pd",NA,"D"
"cantone carla","pd",NA,"D"
"cantone luciano","m5s","LucianoCantone9","D"
"caon roberto","fi","Roberto__Caon","D"
"caparvi virginio","lega","VCaparvi","D"
"capitanio massimiliano","lega",NA,"D"
"cappellacci ugo","fi","ugocappellacci","D"
"cappellani santi","pd","SantiCappellan1","D"
"carabetta luca","m5s","lucacarabetta","D"
"carbonaro alessandra","m5s","alecarbonaroM5S","D"
"cardinale daniela","m-02",NA,"D"
"care' nicola","iv","careitaly","D"
"carelli emilio","m5s","EmilioCarelli","D"
"caretta maria cristina","fdi","MCCaretta","D"
"carfagna maria rosaria","fi","mara_carfagna","D"
"carinelli paola","m5s","berenice0104","D"
"carnevali elena","pd","ElenaCarnevali","D"
"carrara maurizio","fi","Mauri_Carrara","D"
"casa vittoria","m5s","v_casa_camera","D"
"casciello luigi","fi",NA,"D"
"casino michele","fi","casino_michele","D"
"caso andrea","m5s","andreacaso85","D"
"cassese gianpaolo","m5s","casseseM5S","D"
"cassinelli roberto","fi",NA,"D"
"castelli laura","m5s","LaCastelliM5s","D"
"castiello giuseppina","lega",NA,"D"
"cataldi roberto","m5s",NA,"D"
"cattaneo alessandro","fi","aleCattaneo79","D"
"cattoi maurizio","m5s",NA,"D"
"cattoi vanessa","lega","VCattoi","D"
"cavandoli laura","lega","LauraCavPR","D"
"ceccanti stefano","pd","StefanoCeccanti","D"
"cecchetti fabrizio","lega","FabriCecchetti","D"
"cecconi andrea","m-01","andreacecconi84","D"
"cenni susanna","pd","susannacenni","D"
"centemero giulio","lega","GiulioCentemero","D"
"cestari emanuele","lega",NA,"D"
"chiazzese giuseppe","m5s","chiazzeseM5S","D"
"ciaburro monica","fdi","monicaciaburro","D"
"ciampi lucia","pd","Lucia_Ciampi","D"
"cillis luciano","m5s","cillis_luciano","D"
"cimino rosalba","m5s","CiminoM5s","D"
"ciprini tiziana","m5s","TiziCip","D"
"cirielli edmondo","fdi","edmondocirielli","D"
"coin dimitri","lega","DimitriCoin","D"
"colaninno matteo","iv",NA,"D"
"colla jari","lega","JariColla","D"
"colletti andrea","m5s","AndCol81","D"
"colmellere angela","lega",NA,"D"
"colucci alessandro","m-03",NA,"D"
"comaroli silvana andreina","lega",NA,"D"
"comencini vito","lega","ComenciniVito","D"
"cominardi claudio","m5s","cla_cominardi","D"
"conte federico","leu",NA,"D"
"corda emanuela","m5s","Emanuela_Corda","D"
"corneli valentina","m5s","UnaValeUno","D"
"cortelazzo piergiorgio","fi","pcortelazzo","D"
"costa enrico","fi","ECofficialmusic","D"
"costanzo jessica","m5s","JCostanzo_M5S","D"
"covolo silvia","lega",NA,"D"
"crippa andrea","lega",NA,"D"
"crippa davide","m5s","crippa5stelle","D"
"cristina mirella","fi","mire_cris","D"
"critelli francesco","pd",NA,"D"
"cubeddu sebastiano","m5s",NA,"D"
"cunial sara","m-02",NA,"D"
"curro' giovanni","m5s","Giova_Curro","D"
"dadone fabiana","m5s","DadoneFabiana","D"
"daga federica","m5s","FedericaDaga","D"
"d'alessandro camillo","iv","DalessandroCam","D"
"dall'osso matteo","fi","matteodallosso","D"
"dal moro gian pietro","pd",NA,"D"
"d'ambrosio giuseppe","m5s","GiuseppeDAmbro1","D"
"dara andrea","lega",NA,"D"
"d'arrando celeste","m5s","CeledarrandoM5S","D"
"d'attis mauro","fi","MauroDattis","D"
"de angelis sara","lega",NA,"D"
"de carlo luca","fdi","decarlosindaco","D"
"de carlo sabrina","m5s","sabrina_decarlo","D"
"de filippo vito","iv","Vito_DeFilippo","D"
"de giorgi rosalba","m5s",NA,"D"
"de girolamo carlo ugo","m5s",NA,"D"
"deiana paola","m5s","Paola_Deiana","D"
"deidda salvatore","fdi","deidda","D"
"del barba mauro","iv","emmedibi","D"
"del basso de caro umberto","pd",NA,"D"
"del grosso daniele","m5s","DgPilot81","D"
"della frera guido","fi","GFrera","D"
"delmastro delle vedove andrea","fdi",NA,"D"
"del monaco antonio","m5s","delmonaco12","D"
"de lorenzis diego","m5s","DiegoDeLorenzis","D"
"de lorenzo rina","m5s",NA,"D"
"del re emanuela claudia","m5s",NA,"D"
"delrio graziano","pd","graziano_delrio","D"
"del sesto margherita","m5s","MargheritaDelSe","D"
"de luca piero","pd","Piero_De_Luca","D"
"de maria andrea","pd","andreademaria_","D"
"de martini guido","lega","GuidoDeMartini","D"
"de menech roger","pd","RogerDeMenech","D"
"de micheli paola","pd","paola_demicheli","D"
"d'eramo luigi","lega","Luigi_DEramo","D"
"de toma massimiliano","m-02","Massimi28169820","D"
"d'ettore felice maurizio","fi",NA,"D"
"dieni federica","m5s","federicadieni","D"
"di giorgi rosa maria","pd","RosaMDiGiorgi","D"
"di lauro carmen","m5s","Carmen_DiLa","D"
"di maio luigi","m5s","luigidimaio","D"
"di maio marco","iv","marcodimaio","D"
"di muro flavio","lega",NA,"D"
"d'inca' federico","m5s","FedericoDinca","D"
"d'ippolito giuseppe","m5s","pinodippo","D"
"di san martino lorenzato di ivrea luis roberto","lega",NA,"D"
"di sarno gianfranco","m5s",NA,"D"
"di stasio iolanda","m5s","Iolandadstasio","D"
"di stefano manlio","m5s","ManlioDS","D"
"donina giuseppe cesare","lega",NA,"D"
"donno leonardo","m5s","LeonDonnoM5S","D"
"donzelli giovanni","fdi","Donzelli","D"
"dori devis","m5s","DevisDori","D"
"d'orso valentina","m5s",NA,"D"
"durigon claudio","lega","ClaudioDurigon","D"
"d'uva francesco","m5s","F_DUva","D"
"ehm yana chiara","m5s",NA,"D"
"emiliozzi mirella","m5s","mirellaemilioz1","D"
"epifani ettore guglielmo","leu",NA,"D"
"ermellino alessandra","m5s","AErmellino","D"
"fantinati mattia","m5s","MFantinati","D"
"fantuz marica","lega","MaricaFantuz","D"
"faro marialuisa","m5s","MarialuisaFaro","D"
"fasano vincenzo","fi",NA,"D"
"fascina marta antonia","fi",NA,"D"
"fassina stefano","leu","StefanoFassina","D"
"fassino piero","pd","pierofassino","D"
"fatuzzo carlo","fi","carlo_fatuzzo","D"
"federico antonio","m5s","entonyromano","D"
"ferraioli marzia","fi",NA,"D"
"ferraresi vittorio","m5s","Ferraresi_V","D"
"ferrari roberto paolo","lega","RobertoPaoloFe1","D"
"ferri cosimo maria","iv","FerriCosimo","D"
"ferro wanda","fdi","wanda_ferro","D"
"fiano emanuele","pd","emanuelefiano","D"
"ficara paolo","m5s",NA,"D"
"fico roberto","m5s","Roberto_Fico","D"
"fioramonti lorenzo","m-02","lofioramonti","D"
"fiorini benedetta","fi","bennyfiorini","D"
"fitzgerald nissoli fucsia","fi",NA,"D"
"flati francesca","m5s","francesca_flati","D"
"fogliani ketty","lega","KettyFogliani","D"
"fontana gregorio","fi","Greg_Fontana","D"
"fontana ilaria","m5s","ilariafontana5s","D"
"fontana lorenzo","lega","Fontana3Lorenzo","D"
"forciniti francesco","m5s","Fraforciniti","D"
"formentini paolo","lega",NA,"D"
"fornaro federico","leu","Fornaro62","D"
"foscolo sara","lega","sarafoscolo","D"
"foti tommaso","fdi","TommasoFoti","D"
"fraccaro riccardo","m5s","riccardo_fra","D"
"fragomeli gian mario","pd","GianmarioFrago","D"
"frailis andrea","pd",NA,"D"
"franceschini dario","pd","dariofrance","D"
"frassinetti paola","fdi","FrassinettiP","D"
"frassini rebecca","lega","rebeccafrassini","D"
"frate flora","m-02","FloraFrate","D"
"fratoianni nicola","leu","NFratoianni","D"
"fregolent silvia","iv","SilviaFregolent","D"
"frusone luca","m5s","lucafrusone","D"
"furgiuele domenico","lega","DomenicoFurgiu1","D"
"fusacchia alessandro","m-05","FusacchiA","D"
"gadda maria chiara","iv","McGadda","D"
"gagliardi manuela","m-03","manusp73","D"
"gagnarli chiara","m5s","chiara_201181","D"
"galantino davide","fdi","davidegalantino","D"
"galizia francesca","m5s","FrancescaGaliz3","D"
"galli dario","lega","dariogalli5","D"
"gallinella filippo","m5s","Gallinella_F","D"
"gallo luigi","m5s","LuigiGallo15","D"
"garavaglia massimo","lega","massimogara","D"
"gariglio davide","pd","DavideGariglio","D"
"gastaldi flavio","lega","FlavioGastaldi","D"
"gava vannia","lega","VanniaGava","D"
"gebhard renate","m-04",NA,"D"
"gelmini mariastella","fi","msgelmini","D"
"gemmato marcello","fdi","marcellogemmato","D"
"gerardi francesca","lega","21Gerardi","D"
"germana' antonino","fi",NA,"D"
"giaccone andrea","lega","AndreaGiaccone","D"
"giachetti roberto","iv","bobogiac","D"
"giacomelli antonello","pd","Antonellogiac","D"
"giacometti antonietta","lega",NA,"D"
"giacometto carlo","fi","CarloGiacometto","D"
"giacomoni sestino","fi",NA,"D"
"giannetta domenico","fi",NA,"D"
"giannone veronica","m-02","Giannone_M5S","D"
"giarrizzo andrea","m5s","andreagiarrizz","D"
"giglio vigna alessandro","lega",NA,"D"
"giordano conny","m5s","ConnyGiordano_5","D"
"giorgetti giancarlo","lega",NA,"D"
"giorgis andrea","pd","giorgis65","D"
"giuliano carla","m5s","CarlaM5s","D"
"giuliodori paolo","m5s","PaoloGiuliodori","D"
"gobbato claudia","lega","ClaudiaGobbato","D"
"golinelli guglielmo","lega","GullyGolinelli","D"
"grande marta","m5s","MartaGrande87","D"
"gribaudo chiara","pd","chiaragribaudo","D"
"grillo giulia","m5s","GiuliaGrilloM5S","D"
"grimaldi nicola","m5s",NA,"D"
"grimoldi paolo","lega","GrimoldiPaolo","D"
"grippa carmela","m5s","MELINDAGRIPPA","D"
"gualtieri roberto","pd","gualtierieurope","D"
"gubitosa michele","m5s","MicheleGubitosa","D"
"guerini lorenzo","pd","guerini_lorenzo","D"
"guidesi guido","lega",NA,"D"
"gusmeroli alberto luigi","lega",NA,"D"
"ianaro angela","m5s","AngelaIanaro","D"
"iezzi igor giancarlo","lega",NA,"D"
"incerti antonella","pd","antoincerti","D"
"invernizzi cristian","lega","cristianinve","D"
"invidia niccolo'","m5s",NA,"D"
"iorio marianna","m5s",NA,"D"
"iovino luigi","m5s","IovinoLuigiM5S","D"
"l'abbate giuseppe","m5s","baffone5stelle","D"
"labriola vincenza","fi","Vincenza_Lab","D"
"lacarra marco","pd","marco_lacarra","D"
"la marca francesca","pd","FrancescaLaMar","D"
"lapia mara","m5s","LapiaMara","D"
"latini giorgia","lega","latinigiorgia","D"
"lattanzio paolo","m5s","LattanzioPaolo","D"
"lazzarini arianna","lega",NA,"D"
"legnaioli donatella","lega",NA,"D"
"lepri stefano","pd","stefanolepri","D"
"librandi gianfranco","iv","GFLibrandi","D"
"licatini caterina","m5s","CLicatini","D"
"liuni marzio","lega",NA,"D"
"liuzzi mirella","m5s","mirellaliuzzi","D"
"locatelli alessandra","lega","Alesidcomo","D"
"lolini mario","lega","mariololini","D"
"lollobrigida francesco","fdi","FrancescoLollo1","D"
"lombardo antonio","m5s",NA,"D"
"lo monte carmelo","m-02",NA,"D"
"longo fausto","m-02",NA,"D"
"lorefice marialucia","m5s","Mlucialorefice","D"
"lorenzin beatrice","pd","BeaLorenzin","D"
"lorenzoni eva","lega","evalorenzoni","D"
"lorenzoni gabriele","m5s","lorenzoni_m5s","D"
"losacco alberto","pd","albertolosacco","D"
"loss martina","lega","LossMartina","D"
"lotti luca","pd","LottiLuca","D"
"lovecchio giorgio","m5s","Giorgiolovecc","D"
"lucaselli ylenja","fdi","ylucaselli","D"
"lucchini elena","lega","ElenaLucchini","D"
"lupi maurizio","m-03","Maurizio_Lupi","D"
"maccanti elena","lega","Elmac71","D"
"macina anna","m5s","AnnaMacina73","D"
"madia maria anna","pd","mariannamadia","D"
"maggioni marco","lega","marcmaggioni","D"
"magi riccardo","m-05","riccardomagi","D"
"maglione pasquale","m5s","maglione5stelle","D"
"mammi' stefania","m5s","stefaniamammi","D"
"manca alberto","m5s","AlbertoManca_","D"
"manca gavino","pd","GavinoMancaPd","D"
"mancini claudio","pd","ClaudioMancini9","D"
"mandelli andrea","fi","mandelli_andrea","D"
"maniero alvise","m5s",NA,"D"
"mantovani lucrezia maria benedetta","fdi",NA,"D"
"manzato franco","lega","Franco_Manzato","D"
"manzo teresa","m5s","terry_manzo","D"
"maraia generoso","m5s","MaraiaGeneroso1","D"
"marattin luigi","iv","marattin","D"
"marchetti riccardo augusto","lega","RiccardoAugust3","D"
"mariani felice","m5s","FeliceMariani","D"
"marin marco","fi","Marin63Marco","D"
"marino bernardo","m5s",NA,"D"
"marrocco patrizia","fi","MarroccoPatty","D"
"martina maurizio","pd","maumartina","D"
"martinciglio vita","m5s","VMartinciglio","D"
"martino antonio","fi","antoellemartino","D"
"marzana maria","m5s","maria_marzana","D"
"maschio ciro","fdi","CiroMaschio","D"
"masi angela","m5s","Angela71932396","D"
"maturi filippo","lega",NA,"D"
"mauri matteo","pd","mmauripd","D"
"mazzetti erica","fi","66e018f9d58640e","D"
"melicchio alessandro","m5s","AlexMelicchio","D"
"melilli fabio","pd",NA,"D"
"meloni giorgia","fdi","GiorgiaMeloni","D"
"menga rosa","m5s",NA,"D"
"miceli carmelo","pd","carmelomiceliPD","D"
"micillo salvatore","m5s","micillom5s","D"
"migliore gennaro","iv","gennaromigliore","D"
"migliorino luca","m5s",NA,"D"
"milanato lorena","fi","LorenaMilanato","D"
"minardo antonino","lega",NA,"D"
"minniti marco","pd","marcominniti21","D"
"misiti carmelo massimo","m5s",NA,"D"
"molinari riccardo","lega","MolinariRik","D"
"mollicone federico","fdi","fmollicone","D"
"molteni nicola","lega","NicolaMolteni","D"
"montaruli augusta","fdi","augustamontarul","D"
"mor mattia","iv","MorMattia","D"
"morani alessia","pd","AlessiaMorani","D"
"morassut roberto","pd","RMorassut","D"
"morelli alessandro","lega","AMorelliMilano","D"
"moretto sara","iv","sara_moretto","D"
"morgoni mario","pd","mariomorgoni","D"
"morrone jacopo","lega","JacopoMorrone","D"
"moschioni daniele","lega",NA,"D"
"mugnai stefano","fi","stefano_mugnai","D"
"mule' giorgio","fi","giorgiomule","D"
"mura romina","pd","RominaMura","D"
"murelli elena","lega","MurelliElena","D"
"muroni rossella","leu","RossellaMuroni","D"
"musella graziano","fi",NA,"D"
"napoli osvaldo","fi","Osvaldo_Napoli_","D"
"nappi silvana","m5s",NA,"D"
"nardi martina","pd","martinanardi4","D"
"navarra pietro","pd",NA,"D"
"nesci dalila","m5s","DalilaNesci","D"
"nevi raffaele","fi","raffaelenevi","D"
"nitti michele","m-02",NA,"D"
"nobili luciano","iv","lucianonobili","D"
"noja lisa","iv",NA,"D"
"novelli roberto","fi","novelliroberto","D"
"occhionero giuseppina","iv",NA,"D"
"occhiuto roberto","fi","robertoocchiuto","D"
"olgiati riccardo","m5s","rickyolgiati","D"
"orfini matteo","pd",NA,"D"
"orlando andrea","pd","AndreaOrlandosp","D"
"orrico anna laura","m5s","AnnaLauraOrrico","D"
"orsini andrea","fi","andr_orsini","D"
"osnato marco","fdi","MarcoOsnato","D"
"padoan pietro carlo","pd",NA,"D"
"pagani alberto","pd",NA,"D"
"pagano alessandro","lega","alepaganotwit","D"
"pagano ubaldo","pd","ubaldopagano","D"
"paita raffaella","iv","raffaellapaita","D"
"palazzotto erasmo","leu","EPalazzotto","D"
"pallini maria","m5s","Maria_Pallini","D"
"palmieri antonio","fi","antoniopalmieri","D"
"palmisano valentina","m5s","valentinaM5S","D"
"panizzut massimiliano","lega",NA,"D"
"paolini luca rodolfo","lega",NA,"D"
"papiro antonella","m5s",NA,"D"
"parentela paolo","m5s","PaoloParentela","D"
"parisse martina","m5s",NA,"D"
"parolo ugo","lega","UgoParolo","D"
"pastorino luca","leu","Pastorino85","D"
"patassini tullio","lega","PatassiniTullio","D"
"patelli cristina","lega","cripatelli","D"
"paternoster paolo","lega","PaternosterPao","D"
"paxia maria laura","m5s","LauraPaxia","D"
"pedrazzini claudio","m-03","Pedrazzini_","D"
"pella roberto","fi","roberto_pella","D"
"pellicani nicola","pd","ConPellicani","D"
"penna leonardo salvatore","m5s",NA,"D"
"pentangelo antonio","fi","PentangeloA","D"
"perantoni mario","m5s",NA,"D"
"perconti filippo giuseppe","m5s",NA,"D"
"perego di cremnago matteo","fi",NA,"D"
"pettarin guido germano","fi","GuidoPettarin","D"
"pettazzi lino","lega","PettazziLino","D"
"pezzopane stefania","pd","stefaniapezzopa","D"
"piastra carlo","lega","CPiastra2","D"
"picchi guglielmo","lega","guglielmopicchi","D"
"piccoli nardelli flavia","pd","FlaviaNardelli1","D"
"piccolo tiziana","lega",NA,"D"
"pignatone dedalo cosimo gaetano","m5s",NA,"D"
"pini giuditta","pd","giuditta_pini","D"
"pittalis pietro","fi","PittalisPietro","D"
"pizzetti luciano","pd",NA,"D"
"plangger albrecht","m-04",NA,"D"
"polidori catia","fi","CatiaPolidori","D"
"pollastrini barbara","pd",NA,"D"
"polverini renata","fi","renatapolverini","D"
"porchietto claudia","fi","ClaudiaPorchiet","D"
"portas giacomo","iv",NA,"D"
"potenti manfredi","lega","ManfrediPotenti","D"
"prestigiacomo stefania","fi",NA,"D"
"prestipino patrizia","pd","patriziaprestip","D"
"pretto erik umberto","lega","erik_pretto","D"
"prisco emanuele","fdi","EmanuelePrisco","D"
"provenza nicola","m5s","NicolaProvenza","D"
"quartapelle procopio lia","pd","LiaQuartapelle","D"
"racchella germano","lega",NA,"D"
"raciti fausto","pd","faustorac","D"
"raduzzi raphael","m5s","RaphaelRaduzzi","D"
"raffa angela","m5s","RaffaAngela","D"
"raffaelli elena","lega",NA,"D"
"rampelli fabio","fdi","fabiorampelli","D"
"ravetto laura","fi","lauraravetto","D"
"ribolla alberto","lega",NA,"D"
"ricciardi riccardo","m5s","RicRicciardi","D"
"ripani elisabetta","fi","BettaRipani","D"
"rixi edoardo","lega","edorixi","D"
"rizzetto walter","fdi","w_rizzetto","D"
"rizzo gianluca","m5s","gianlucarizzo46","D"
"rizzone marco","m5s","rizzonem","D"
"rizzo nervo luca","pd","lucarizzonervo","D"
"romaniello cristian","m5s","Cristian5stelle","D"
"romano andrea","pd","AndreaRomano9","D"
"romano paolo nicolo'","m5s",NA,"D"
"rosato ettore","iv","Ettore_Rosato","D"
"rospi gianluca","m-02","GianlucaRospi","D"
"rossello cristina","fi","AvvRossello","D"
"rossi andrea","pd","andrearossi76","D"
"rossini emanuela","m-04",NA,"D"
"rossini roberto","m5s","Rob_Rossini5","D"
"rosso roberto","fi","OnRobertoRosso","D"
"rostan michela","iv","MichelaRostan","D"
"rotelli mauro","fdi",NA,"D"
"rotondi gianfranco","fi",NA,"D"
"rotta alessia","pd",NA,"D"
"ruffino daniela","fi","DanielaRuffino2","D"
"ruggieri andrea","fi","AdeRuggieri","D"
"ruggiero francesca anna","m5s","franna_rugg84","D"
"ruocco carla","m5s","carlaruocco1","D"
"russo giovanni","m5s",NA,"D"
"russo paolo","fi","_PaoloRusso_","D"
"saccani jotti gloria","fi",NA,"D"
"saitta eugenio","m5s","eugenio_saitta","D"
"salafia angela","m5s","AngelaSalafia","D"
"saltamartini barbara","lega","BSaltamartini","D"
"sangregorio eugenio","m-03",NA,"D"
"sapia francesco","m5s",NA,"D"
"sarli doriana","m5s",NA,"D"
"sarro carlo","fi",NA,"D"
"sarti giulia","m5s","GiuliaSarti86","D"
"sasso rossano","lega","roxsasso","D"
"savino elvira","fi","elvirasavino","D"
"savino sandra","fi","Sandra_Savino","D"
"scagliusi emanuele","m5s","E_Scagliusi","D"
"scalfarotto ivan","iv","ivanscalfarotto","D"
"scanu lucia","m5s","luciasar","D"
"scerra filippo","m5s","FilippoScerra","D"
"schiro' angela","pd","angela_schiro","D"
"schullian manfred","m-04",NA,"D"
"scoma francesco","fi","francesco_scoma","D"
"scutella' elisa","m5s","elisascutell","D"
"segneri enrica","m5s",NA,"D"
"sensi filippo","pd",NA,"D"
"serracchiani debora","pd","serracchiani","D"
"serritella davide","m5s",NA,"D"
"sgarbi vittorio","m-03","VittorioSgarbi","D"
"siani paolo","pd","SianiPaolo","D"
"sibilia carlo","m5s","carlosibilia","D"
"sibilia cosimo","fi","CosimoSibilia","D"
"silli giorgio","m-03","GiorgioSilli","D"
"silvestri francesco","m5s","FraSilvestriM5S","D"
"silvestri rachele","m-02","raksilv","D"
"silvestroni marco","fdi","Silvestroninews","D"
"siracusano matilde","fi","mati_siracusano","D"
"siragusa elisa","m5s",NA,"D"
"sisto francesco paolo","fi",NA,"D"
"sodano michele","m5s","MicSodano","D"
"sorte alessandro","m-03","sortealex","D"
"soverini serse","pd","SerseSoverini","D"
"sozzani diego","fi","SozzaniDiego","D"
"spadafora vincenzo","m5s","vinspadafora","D"
"spadoni maria edera","m5s","mariaederaM5S","D"
"spena maria","fi","maria_spena","D"
"speranza roberto","leu","robersperanza","D"
"spessotto arianna","m5s",NA,"D"
"sportiello gilda","m5s","SportielloGilda","D"
"squeri luca","fi",NA,"D"
"stefani alberto","lega",NA,"D"
"stumpo nicola","leu","NicoStumpo","D"
"suriano simona","m5s","simonasuriano","D"
"sut luca","m5s","Luca_Sut","D"
"sutto mauro","lega","MauroSutto","D"
"tabacci bruno","m-05","BrunoTabacci","D"
"tarantino leonardo","lega",NA,"D"
"tartaglione annaelsa","fi","AnnaelsaT","D"
"tasso antonio","m-01","tasso79","D"
"tateo anna rita","lega","tateo_annarita","D"
"termini guia","m5s","Guia_Termini","D"
"terzoni patrizia","m5s","PatriziaTerzoni","D"
"testamento rosa alba","m5s",NA,"D"
"tiramani paolo","lega","PaoloTiramani","D"
"toccafondi gabriele","iv","GToccafondi","D"
"toccalini luca","lega","LucaToccalini","D"
"tofalo angelo","m5s","AngeloTofalo","D"
"tomasi maura","lega","mauratomasi","D"
"tombolato giovanni battista","lega",NA,"D"
"tondo renzo","m-03","renzotondo","D"
"tonelli gianni","lega","GianniTonelli","D"
"topo raffaele","pd",NA,"D"
"torto daniela","m5s","daniela_torto","D"
"trancassini paolo","fdi","PTrancassini","D"
"trano raffaele","m-02","raffaele_trano","D"
"traversi roberto","m5s","TraversiRoberto","D"
"tripiedi davide","m5s",NA,"D"
"tripodi elisa","m5s","ElisaTripodi","D"
"tripodi maria","fi","tripodimaria","D"
"trizzino giorgio","m5s","GiorgioTrizzino","D"
"troiano francesca","m5s",NA,"D"
"tucci riccardo","m5s","RicTucci","D"
"turri roberto","lega",NA,"D"
"tuzi manuel","m5s",NA,"D"
"ungaro massimo","iv","MassimoUngaro","D"
"vacca gianluca","m5s","GianlucaVacca","D"
"valbusa vania","lega","VaniaValbusa","D"
"valente simone","m5s","ValenteM5S","D"
"valentini valentino","fi",NA,"D"
"vallascas andrea","m5s","AndreaVallascas","D"
"vallotto sergio","lega",NA,"D"
"varchi maria carolina","fdi",NA,"D"
"varrica adriano","m5s","AdrianoVarrica","D"
"vazio franco","pd","francovazio","D"
"verini walter","pd","VeriniWalter","D"
"versace giuseppina","fi","GiusyVersace","D"
"vianello giovanni","m5s","VianelloGio","D"
"vietina simona","fi","SimonaVietina","D"
"vignaroli stefano","m5s","SVignaroli","D"
"villani virginia","m5s","VILLANIM5S","D"
"villarosa alessio mattia","m5s",NA,"D"
"vinci gianluca","lega","GianlucaVinci80","D"
"viscomi antonio","pd","a_viscomi","D"
"vitiello catello","iv","CatelloVitiell1","D"
"vito elio","fi","elio_vito","D"
"viviani lorenzo","lega",NA,"D"
"vizzini gloria","m-02","gloria_vizzini","D"
"volpi leda","m5s",NA,"D"
"volpi raffaele","lega","volpi_raffaele","D"
"zan alessandro","pd","ZanAlessandro","D"
"zanella federica","fi","federicazanella","D"
"zanettin pierantonio","fi","PierantonioZ","D"
"zangrillo paolo","fi",NA,"D"
"zanichelli davide","m5s","zani83","D"
"zardini diego","pd","DiegoZardini","D"
"zennaro antonio","m-02","zennaronews","D"
"zicchieri francesco","lega",NA,"D"
"ziello edoardo","lega","EdoardoZiello1","D"
"zoffili eugenio","lega","eugenio_zoffili","D"
"zolezzi alberto","m5s","ZolezziAlberto","D"
"zordan adolfo","lega",NA,"D"
"zucconi riccardo","fdi","zucconideputato","D"
